Model,MAE_Rp,MAE_Scaled,RMSE_Rp,MAPE_%,R2
Random Forest,11944.445895503644,0.06663956251348417,18033.306325314545,19.59435621253178,0.604697432703392
LSTM,17003.06640625,0.09486223757266998,23132.60071846657,27.28030776977539,0.34952908754348755
Ensemble (RF+LSTM),11944.445895503644,0.06663956251348417,18033.306325314545,19.59435621253178,0.604697432703392
